Id,Name,Status,ApiVersion,CreatedDate,LastModifiedDate
01p41000009yFz7AAE,AccountHandler,Active,38,2016-11-16T19:06:24.000+0000,2016-11-16T19:17:29.000+0000
01p2M00000N8vXQQAZ,AccountProcessor,Active,47,2020-01-10T18:56:20.000+0000,2021-01-14T20:46:07.000+0000
01p2M00000O2QVEQA3,AccountProcessorTest,Active,50,2021-01-14T20:40:36.000+0000,2021-01-14T20:47:35.000+0000
01p2M00000O7kkKQAR,AccountUtils,Active,53,2022-01-20T17:29:21.000+0000,2022-01-20T17:39:00.000+0000
01p2M00000NezJpQAJ,ACSFCCP_CallInformationController,Active,48,2020-10-19T20:32:24.000+0000,2020-10-19T20:32:24.000+0000
01p2M00000NezJqQAJ,ACSFCCP_CallInformationControllerTest,Active,48,2020-10-19T20:32:24.000+0000,2020-10-19T20:32:24.000+0000
01p2M00000NezJrQAJ,ACSFCCP_CallLogging_ViewExt,Active,48,2020-10-19T20:32:24.000+0000,2020-10-19T20:32:24.000+0000
01p2M00000NezJsQAJ,ACSFCCP_CallLogging_ViewExtTest,Active,48,2020-10-19T20:32:25.000+0000,2020-10-19T20:32:25.000+0000
01p2M00000NezJtQAJ,ACSFCCP_CallTaskController,Active,48,2020-10-19T20:32:25.000+0000,2020-10-19T20:32:25.000+0000
01p2M00000NezJuQAJ,ACSFCCP_CallTaskControllerTest,Active,48,2020-10-19T20:32:25.000+0000,2020-10-19T20:32:25.000+0000
01p2M00000NezJvQAJ,ACSFCCP_NamespaceController,Active,48,2020-10-19T20:32:25.000+0000,2020-10-19T20:32:25.000+0000
01p2M00000NezJwQAJ,ACSFCCP_NamespaceControllerTest,Active,48,2020-10-19T20:32:25.000+0000,2020-10-19T20:32:25.000+0000
01p2M00000NezJxQAJ,ACSFCCP_ObjectTypeController,Active,48,2020-10-19T20:32:25.000+0000,2020-10-19T20:32:25.000+0000
01p2M00000NezJyQAJ,ACSFCCP_PostCallUpdateTaskController,Active,41,2020-10-19T20:32:25.000+0000,2020-10-19T20:32:25.000+0000
01p2M00000NezJzQAJ,ACSFCCP_PostCallUpdateTaskCtrlTest,Active,41,2020-10-19T20:32:25.000+0000,2020-10-19T20:32:25.000+0000
01p2M00000NezK0QAJ,AC_ContactChannelController,Active,48,2020-10-19T20:32:25.000+0000,2020-10-19T20:32:25.000+0000
01p2M00000NezK1QAJ,AC_ContactChannelControllerTest,Active,48,2020-10-19T20:32:25.000+0000,2020-10-19T20:32:25.000+0000
01p2M00000NezK2QAJ,AC_ContactChannelWrapper,Active,48,2020-10-19T20:32:25.000+0000,2020-10-19T20:32:25.000+0000
01p2M00000NezK3QAJ,AC_ContactTraceRecordTest,Active,48,2020-10-19T20:32:25.000+0000,2020-10-19T20:32:25.000+0000
01p2M00000NezK4QAJ,AC_ContactTraceRecordTestClass,Active,48,2020-10-19T20:32:25.000+0000,2020-10-19T20:32:25.000+0000
01p2M00000NezK5QAJ,AC_CtiScriptTriggerTest,Active,48,2020-10-19T20:32:25.000+0000,2020-10-19T20:32:25.000+0000
01p2M00000NezK6QAJ,AC_MockHttpResponseGenerator,Active,48,2020-10-19T20:32:25.000+0000,2020-10-19T20:32:25.000+0000
01p2M00000NezK7QAJ,AC_MockHttpResponseGeneratorTest,Active,48,2020-10-19T20:32:25.000+0000,2020-10-19T20:32:25.000+0000
01p2M00000NezK8QAJ,AC_PhoneCallController,Active,46,2020-10-19T20:32:25.000+0000,2020-10-19T20:32:25.000+0000
01p2M00000NezK9QAJ,AC_PhoneCallControllerTestClass,Active,46,2020-10-19T20:32:25.000+0000,2020-10-19T20:32:25.000+0000
01p2M00000NezKAQAZ,AC_PhoneCallWrapper,Active,46,2020-10-19T20:32:25.000+0000,2020-10-19T20:32:25.000+0000
01p2M00000NezKBQAZ,AC_PostInstallHandler,Active,48,2020-10-19T20:32:25.000+0000,2020-10-19T20:32:25.000+0000
01p2M00000NezKCQAZ,AC_PostInstallHandlerTest,Active,48,2020-10-19T20:32:25.000+0000,2020-10-19T20:32:25.000+0000
01p2M00000NezKDQAZ,AC_QueueMetricsController,Active,48,2020-10-19T20:32:25.000+0000,2020-10-19T20:32:25.000+0000
01p2M00000NezKEQAZ,AC_QueueMetricsControllerTest,Active,48,2020-10-19T20:32:25.000+0000,2020-10-19T20:32:25.000+0000
01p2M00000NezKFQAZ,AC_QueueMetricsTriggerTest,Active,48,2020-10-19T20:32:25.000+0000,2020-10-19T20:32:25.000+0000
01p2M00000NezKGQAZ,AC_RecordingViewerController,Active,48,2020-10-19T20:32:25.000+0000,2020-10-19T20:32:25.000+0000
01p2M00000NezKHQAZ,AC_RecordingViewerControllerTest,Active,48,2020-10-19T20:32:25.000+0000,2020-10-19T20:32:25.000+0000
01p2M00000NezKIQAZ,AC_SecurityUtils,Active,48,2020-10-19T20:32:25.000+0000,2020-10-19T20:32:25.000+0000
01p2M00000NezKJQAZ,AC_SecurityUtilsTest,Active,48,2020-10-19T20:32:25.000+0000,2020-10-19T20:32:25.000+0000
01p2M00000NezKKQAZ,AC_Task,Active,48,2020-10-19T20:32:25.000+0000,2020-10-19T20:32:25.000+0000
01p2M00000NezKLQAZ,AC_TaskTest,Active,48,2020-10-19T20:32:25.000+0000,2020-10-19T20:32:25.000+0000
01p2M00000NezKMQAZ,AC_TriggerHelper,Active,48,2020-10-19T20:32:25.000+0000,2020-10-19T20:32:25.000+0000
01p2M00000NezKNQAZ,AC_UpdateReportAgentField,Active,48,2020-10-19T20:32:25.000+0000,2020-10-19T20:32:25.000+0000
01p2M00000NezKOQAZ,AC_UpdateReportAgentFieldTest,Active,48,2020-10-19T20:32:25.000+0000,2020-10-19T20:32:25.000+0000
01p2M00000NezKPQAZ,AC_Utils,Active,48,2020-10-19T20:32:25.000+0000,2020-10-19T20:32:25.000+0000
01p2M00000NezKQQAZ,AC_UtilsTest,Active,48,2020-10-19T20:32:25.000+0000,2020-10-19T20:32:25.000+0000
01p2M00000O2QVTQA3,AddPrimaryContact,Active,50,2021-01-14T21:53:40.000+0000,2021-01-14T22:39:49.000+0000
01p2M00000O2QVYQA3,AddPrimaryContactTest,Active,50,2021-01-14T22:37:01.000+0000,2021-01-14T22:39:47.000+0000
01p41000009yM3iAAE,AnimalLocator,Active,38,2016-11-16T21:23:28.000+0000,2021-01-15T00:27:38.000+0000
01p2M00000O2QVsQAN,AnimalLocatorMock,Active,50,2021-01-14T23:55:48.000+0000,2021-01-15T00:28:00.000+0000
01p2M00000O2QVxQAN,AnimalLocatorTest,Active,50,2021-01-14T23:55:58.000+0000,2021-01-15T00:28:24.000+0000
01p2M00000O2QIAQA3,ApexSecurityRest,Active,50,2021-01-13T19:27:48.000+0000,2021-01-13T20:14:30.000+0000
01p4100000Mu712AAB,AssignBulkFLS,Active,38,2018-01-31T23:32:05.000+0000,2018-01-31T23:32:05.000+0000
01p4100000Mu713AAB,AssignBulkFLSTest,Active,35,2018-01-31T23:32:05.000+0000,2018-01-31T23:32:05.000+0000
01p2M00000NezKRQAZ,AWS_Utils,Active,46,2020-10-19T20:32:25.000+0000,2020-10-19T20:32:25.000+0000
01p2M00000NezKSQAZ,AWS_UtilsTest,Active,46,2020-10-19T20:32:25.000+0000,2020-10-19T20:32:25.000+0000
01p2M00000NnV1FQAV,BatchLeadConvert,Active,46,2019-09-24T21:54:00.000+0000,2019-09-24T22:04:57.000+0000
01p2M00000NnV1GQAV,BatchLeadConvertTest,Active,46,2019-09-24T21:54:00.000+0000,2019-09-24T22:31:22.000+0000
01p4100000Mu714AAB,BOFC,Active,35,2018-01-31T23:32:05.000+0000,2018-01-31T23:32:05.000+0000
01p4100000Mu715AAB,BOFCAssignmentRules,Active,41,2018-01-31T23:32:05.000+0000,2018-01-31T23:32:05.000+0000
01p4100000Mu716AAB,BOFCAssignmentRulesExport,Active,41,2018-01-31T23:32:05.000+0000,2018-01-31T23:32:05.000+0000
01p4100000Mu717AAB,BOFCAssignmentRulesExportTest,Active,41,2018-01-31T23:32:05.000+0000,2018-01-31T23:32:05.000+0000
01p4100000Mu718AAB,BOFCBulkExportImportDownload,Active,39,2018-01-31T23:32:05.000+0000,2018-01-31T23:32:05.000+0000
01p4100000Mu719AAB,BOFCBulkFieldUpdateExcel,Active,39,2018-01-31T23:32:05.000+0000,2018-01-31T23:32:05.000+0000
01p4100000Mu71AAAR,BOFCBulkFieldUpdateExcelTest,Active,39,2018-01-31T23:32:05.000+0000,2018-01-31T23:32:05.000+0000
01p4100000Mu71BAAR,BOFCBulkUsers,Active,41,2018-01-31T23:32:05.000+0000,2018-01-31T23:32:05.000+0000
01p4100000Mu71CAAR,BOFCBulkUsersTest,Active,41,2018-01-31T23:32:05.000+0000,2018-01-31T23:32:05.000+0000
01p4100000Mu71DAAR,BOFCBulkValidationRule,Active,41,2018-01-31T23:32:05.000+0000,2018-01-31T23:32:05.000+0000
01p4100000Mu71EAAR,BOFCBulkValidationRuleTest,Active,38,2018-01-31T23:32:05.000+0000,2018-01-31T23:32:05.000+0000
01p4100000Mu71FAAR,BOFCBulkWorkflowRule,Active,39,2018-01-31T23:32:05.000+0000,2018-01-31T23:32:05.000+0000
01p4100000Mu71GAAR,BOFCBulkWorkflowRuleTest,Active,39,2018-01-31T23:32:05.000+0000,2018-01-31T23:32:05.000+0000
01p4100000Mu71HAAR,BOFCDashboard,Active,41,2018-01-31T23:32:05.000+0000,2018-01-31T23:32:05.000+0000
01p4100000Mu71IAAR,BOFCDashboardApexClassDownload,Active,41,2018-01-31T23:32:05.000+0000,2018-01-31T23:32:05.000+0000
01p4100000Mu71JAAR,BOFCDashboardApexClassExport,Active,41,2018-01-31T23:32:05.000+0000,2018-01-31T23:32:05.000+0000
01p4100000Mu71KAAR,BOFCDashboardApexClassTest1,Active,41,2018-01-31T23:32:05.000+0000,2018-01-31T23:32:05.000+0000
01p4100000Mu71LAAR,BOFCDashboard_Test,Active,38,2018-01-31T23:32:05.000+0000,2018-01-31T23:32:05.000+0000
01p4100000Mu71MAAR,BOFCExportMetaData,Active,37,2018-01-31T23:32:05.000+0000,2018-01-31T23:32:05.000+0000
01p4100000Mu71NAAR,BOFCExportMetaDataReport,Active,37,2018-01-31T23:32:05.000+0000,2018-01-31T23:32:05.000+0000
01p4100000Mu71OAAR,BOFCExportMetaDataReportTest,Active,36,2018-01-31T23:32:05.000+0000,2018-01-31T23:32:05.000+0000
01p4100000Mu71PAAR,BOFCExtractAllProfiles,Active,37,2018-01-31T23:32:05.000+0000,2018-01-31T23:32:05.000+0000
01p4100000Mu71QAAR,BOFCExtractAllProfilesReport,Active,37,2018-01-31T23:32:05.000+0000,2018-01-31T23:32:05.000+0000
01p4100000Mu71RAAR,BOFCExtractAllProfilesReportTest,Active,37,2018-01-31T23:32:05.000+0000,2018-01-31T23:32:05.000+0000
01p4100000Mu71SAAR,BOFCExtractAllProfilesTest,Active,37,2018-01-31T23:32:05.000+0000,2018-01-31T23:32:05.000+0000
01p4100000Mu71TAAR,BOFCExtractDataTest,Active,36,2018-01-31T23:32:05.000+0000,2018-01-31T23:32:05.000+0000
01p4100000Mu71UAAR,BOFCFieldAnalyzerRecord,Active,41,2018-01-31T23:32:06.000+0000,2018-01-31T23:32:06.000+0000
01p4100000Mu71VAAR,BOFCFieldsAnalyzer,Active,41,2018-01-31T23:32:06.000+0000,2018-01-31T23:32:06.000+0000
01p4100000Mu71WAAR,BOFCFieldsAnalyzerExport,Active,41,2018-01-31T23:32:06.000+0000,2018-01-31T23:32:06.000+0000
01p4100000Mu71XAAR,BOFCFieldsAnalyzerTest,Active,41,2018-01-31T23:32:06.000+0000,2018-01-31T23:32:06.000+0000
01p4100000Mu71YAAR,BOFCFieldsAnalzerLaunchBatch,Active,41,2018-01-31T23:32:06.000+0000,2018-01-31T23:32:06.000+0000
01p4100000Mu71bAAB,BOFCHexUtil,Active,38,2018-01-31T23:32:06.000+0000,2018-01-31T23:32:06.000+0000
01p4100000Mu71ZAAR,BOFCHOME,Active,37,2018-01-31T23:32:06.000+0000,2018-01-31T23:32:06.000+0000
01p4100000Mu71aAAB,BOFCHOME_Test,Active,37,2018-01-31T23:32:06.000+0000,2018-01-31T23:32:06.000+0000
01p4100000Mu71cAAB,BOFCJsontoApexClassCode,Active,41,2018-01-31T23:32:06.000+0000,2018-01-31T23:32:06.000+0000
01p4100000Mu71dAAB,BOFCJsontoApexClassCodeTest,Active,41,2018-01-31T23:32:06.000+0000,2018-01-31T23:32:06.000+0000
01p4100000Mu71eAAB,BOFCMetadataService,Active,35,2018-01-31T23:32:06.000+0000,2018-01-31T23:32:06.000+0000
01p4100000Mu71fAAB,BOFCMetadataServiceTest,Active,35,2018-01-31T23:32:06.000+0000,2018-01-31T23:32:06.000+0000
01p4100000Mu71gAAB,BOFCObjectExportController,Active,41,2018-01-31T23:32:07.000+0000,2018-01-31T23:32:07.000+0000
01p4100000Mu71hAAB,BOFCObjectExportControllerTest,Active,41,2018-01-31T23:32:07.000+0000,2018-01-31T23:32:07.000+0000
01p4100000Mu71iAAB,BOFCOrgCompartor,Active,41,2018-01-31T23:32:07.000+0000,2018-01-31T23:32:07.000+0000
01p4100000Mu71jAAB,BOFCOrgCompartorTest,Active,37,2018-01-31T23:32:07.000+0000,2018-01-31T23:32:07.000+0000
01p4100000Mu71kAAB,BOFCPageLayoutDownload,Active,41,2018-01-31T23:32:07.000+0000,2018-01-31T23:32:07.000+0000
01p4100000Mu71lAAB,BOFCPageLayouts,Active,41,2018-01-31T23:32:07.000+0000,2018-01-31T23:32:07.000+0000
01p4100000Mu71mAAB,BOFCParseJSON,Active,39,2018-01-31T23:32:07.000+0000,2018-01-31T23:32:07.000+0000
01p4100000Mu71nAAB,BOFCPuff,Active,38,2018-01-31T23:32:07.000+0000,2018-01-31T23:32:07.000+0000
01p4100000Mu71oAAB,BOFCReporting,Active,41,2018-01-31T23:32:07.000+0000,2018-01-31T23:32:07.000+0000
01p4100000Mu71pAAB,BOFCReportingApexCode,Active,41,2018-01-31T23:32:07.000+0000,2018-01-31T23:32:07.000+0000
01p4100000Mu71qAAB,BOFCReportingApexCodeTest,Active,41,2018-01-31T23:32:07.000+0000,2018-01-31T23:32:07.000+0000
01p4100000Mu71rAAB,BOFCReportingAuditTrail,Active,41,2018-01-31T23:32:07.000+0000,2018-01-31T23:32:07.000+0000
01p4100000Mu71sAAB,BOFCReportingAuditTrailExport,Active,41,2018-01-31T23:32:07.000+0000,2018-01-31T23:32:07.000+0000
01p4100000Mu71tAAB,BOFCReportingAuditTrailTest,Active,41,2018-01-31T23:32:07.000+0000,2018-01-31T23:32:07.000+0000
01p4100000Mu71uAAB,BOFCReportingObjectExtract,Active,41,2018-01-31T23:32:07.000+0000,2018-01-31T23:32:07.000+0000
01p4100000Mu71vAAB,BOFCReportingVRules,Active,41,2018-01-31T23:32:07.000+0000,2018-01-31T23:32:07.000+0000
01p4100000Mu71wAAB,BOFCReportingVRulesPageLayoutTest,Active,41,2018-01-31T23:32:07.000+0000,2018-01-31T23:32:07.000+0000
01p4100000Mu71xAAB,BOFCReporting_Test,Active,41,2018-01-31T23:32:07.000+0000,2018-01-31T23:32:07.000+0000
01p4100000Mu71yAAB,BOFCRunReport,Active,39,2018-01-31T23:32:07.000+0000,2018-01-31T23:32:07.000+0000
01p4100000Mu71zAAB,BOFCRunReport_Test,Active,39,2018-01-31T23:32:07.000+0000,2018-01-31T23:32:07.000+0000
01p4100000Mu720AAB,BOFCValidationRuleDownload,Active,41,2018-01-31T23:32:07.000+0000,2018-01-31T23:32:07.000+0000
01p4100000Mu721AAB,BOFCZippex,Active,38,2018-01-31T23:32:07.000+0000,2018-01-31T23:32:07.000+0000
01p4100000Mu722AAB,BOFCZippexTests,Active,38,2018-01-31T23:32:07.000+0000,2018-01-31T23:32:07.000+0000
01p4100000Mu723AAB,BulkCloneFields,Active,37,2018-01-31T23:32:07.000+0000,2018-01-31T23:32:07.000+0000
01p4100000Mu724AAB,BulkCloneObject,Active,39,2018-01-31T23:32:07.000+0000,2018-01-31T23:32:07.000+0000
01p4100000Mu725AAB,BulkCloneObjectTest,Active,39,2018-01-31T23:32:07.000+0000,2018-01-31T23:32:07.000+0000
01p4100000Mu726AAB,BulkExportandImportFields,Active,39,2018-01-31T23:32:07.000+0000,2018-01-31T23:32:07.000+0000
01p4100000Mu727AAB,BulkFieldsCreatorHomePage,Active,37,2018-01-31T23:32:07.000+0000,2018-01-31T23:32:07.000+0000
01p4100000Mu728AAB,BulkObjectCreation,Active,37,2018-01-31T23:32:07.000+0000,2018-01-31T23:32:07.000+0000
01p4100000Mu729AAB,BulkObjectCreationTest,Active,37,2018-01-31T23:32:08.000+0000,2018-01-31T23:32:08.000+0000
01p4100000Mu72AAAR,BulkObjectDeletion,Active,40,2018-01-31T23:32:08.000+0000,2018-01-31T23:32:08.000+0000
01p4100000Mu72BAAR,BulkObjectDeletionTest,Active,37,2018-01-31T23:32:08.000+0000,2018-01-31T23:32:08.000+0000
01p4100000Mu72CAAR,BulkObjectFieldCloneTest,Active,37,2018-01-31T23:32:08.000+0000,2018-01-31T23:32:08.000+0000
01p4100000Mu72DAAR,BulkObjectFieldCreator,Active,40,2018-01-31T23:32:08.000+0000,2018-01-31T23:32:08.000+0000
01p4100000Mu72EAAR,BulkObjectFieldCreatorSuccess,Active,39,2018-01-31T23:32:08.000+0000,2018-01-31T23:32:08.000+0000
01p4100000Mu72FAAR,BulkObjectFieldCreatorSuccessTest,Active,39,2018-01-31T23:32:08.000+0000,2018-01-31T23:32:08.000+0000
01p4100000Mu72GAAR,BulkObjectFieldCreatorTest,Active,33,2018-01-31T23:32:08.000+0000,2018-01-31T23:32:08.000+0000
01p4100000Mu72HAAR,BulkObjectFieldDeletor,Active,37,2018-01-31T23:32:08.000+0000,2018-01-31T23:32:08.000+0000
01p4100000Mu72IAAR,BulkObjectFieldDeletorTest,Active,36,2018-01-31T23:32:08.000+0000,2018-01-31T23:32:08.000+0000
01p4100000Mu72JAAR,BulkObjectFieldUpdate,Active,37,2018-01-31T23:32:08.000+0000,2018-01-31T23:32:08.000+0000
01p4100000Mu72KAAR,BulkObjectFieldUpdateTest,Active,37,2018-01-31T23:32:08.000+0000,2018-01-31T23:32:08.000+0000
01p2M00000O7kkoQAB,BusScheduleCache,Active,53,2022-01-21T00:34:32.000+0000,2022-01-21T00:48:43.000+0000
01p4100000DxAVEAA3,CalculateResolvedAccountTest,Active,38,2016-12-23T05:59:26.000+0000,2016-12-23T19:05:45.000+0000
01p2M00000O2QZkQAN,CampingListController,Active,50,2021-01-15T19:50:44.000+0000,2021-01-15T19:50:51.000+0000
01pKc000000ypV1IAI,ClaudecodeDemo,Active,62,2026-04-21T17:56:55.000+0000,2026-04-21T17:56:55.000+0000
01p2M00000O6tzcQAB,ConnectionHelper,Active,48,2020-06-24T05:19:23.000+0000,2020-06-24T05:33:27.000+0000
01p41000009yScMAAU,ContactAndLeadSearch,Active,38,2016-11-16T23:43:37.000+0000,2016-11-16T23:49:40.000+0000
01p41000009ySTSAA2,ContactSearch,Active,38,2016-11-16T23:31:02.000+0000,2016-11-16T23:31:18.000+0000
01p2M00000O2QbgQAF,CreateDefaultData,Active,48,2021-01-15T23:31:32.000+0000,2021-01-15T23:31:32.000+0000
01p2M00000O2QbhQAF,CreateDefaultDataTest,Active,48,2021-01-15T23:31:32.000+0000,2021-01-15T23:31:32.000+0000
01p2M00000O2QVdQAN,DailyLeadProcessor,Active,50,2021-01-14T22:43:51.000+0000,2021-01-14T22:56:41.000+0000
01p2M00000O2QViQAN,DailyLeadProcessorTest,Active,50,2021-01-14T22:44:51.000+0000,2021-01-14T22:56:38.000+0000
01p4100000Dx8QtAAJ,DebitAccountController,Active,38,2016-12-23T05:38:30.000+0000,2016-12-23T18:45:14.000+0000
01p2M00000O7kktQAB,ExchangeRates,Active,53,2022-01-21T00:53:45.000+0000,2022-01-21T00:53:45.000+0000
01p4100000Mu72NAAR,fakeresponse,Active,33,2018-01-31T23:32:08.000+0000,2018-01-31T23:32:08.000+0000
01p2M00000NnV1HQAV,LeadConvertValidationTest,Active,46,2019-09-24T21:54:00.000+0000,2019-09-24T21:54:00.000+0000
01p2M00000O2QVJQA3,LeadProcessor,Active,50,2021-01-14T20:51:57.000+0000,2021-01-14T20:55:07.000+0000
01p2M00000O2QVOQA3,LeadProcessorTest,Active,50,2021-01-14T20:59:07.000+0000,2021-01-14T20:59:51.000+0000
01p2M00000O2QbiQAF,MaintenanceRequestHelper,Active,45,2021-01-15T23:31:32.000+0000,2021-01-15T23:31:32.000+0000
01p2M00000O2QbjQAF,MaintenanceRequestHelperTest,Active,45,2021-01-15T23:31:32.000+0000,2021-01-15T23:31:32.000+0000
01p2M00000N8vYOQAZ,MetadataService,Active,47,2020-01-10T20:44:18.000+0000,2020-01-10T20:44:18.000+0000
01p2M00000N8vYTQAZ,MetadataServiceExamples,Active,47,2020-01-10T20:44:36.000+0000,2020-01-10T20:55:12.000+0000
01p41000009yQqjAAE,NewCaseListController,Active,38,2016-11-16T22:36:57.000+0000,2016-11-16T22:40:24.000+0000
01p4100000N3KqaAAF,OlderAccountsUtility,Active,42,2018-03-28T22:55:36.000+0000,2018-03-28T22:56:15.000+0000
01p4100000Mu72LAAR,PostInstallClass,Active,36,2018-01-31T23:32:08.000+0000,2018-01-31T23:32:08.000+0000
01p41000009yLuPAAU,RandomContactFactory,Active,38,2016-11-16T21:14:35.000+0000,2016-11-16T21:16:26.000+0000
01pKc000000ypNlIAI,SalesforceAFVibes,Active,61,2026-03-19T17:55:25.000+0000,2026-03-19T17:55:25.000+0000
01pKc000000ypNbIAI,SalesforceDemoClass,Active,66,2026-03-19T17:00:29.000+0000,2026-03-19T17:00:29.000+0000
01pKc000000ypNgIAI,SalesforceWithSJAINwith,Active,58,2026-03-19T17:08:56.000+0000,2026-03-19T17:08:56.000+0000
01p2M00000NL42fQAD,SecureApexRest,Active,45,2019-05-27T21:54:48.000+0000,2019-05-27T21:54:50.000+0000
01p41000009yErJAAU,StringArrayTest,Active,38,2016-11-16T18:53:12.000+0000,2016-11-16T18:58:28.000+0000
01p2M00000O7ijnQAB,TestOpportunityChangeTrigger,Active,53,2021-11-22T23:34:42.000+0000,2021-11-22T23:40:32.000+0000
01p41000009yLgeAAE,TestRestrictContactByName,Active,38,2016-11-16T21:06:00.000+0000,2016-11-16T21:09:05.000+0000
01p41000009yLThAAM,TestVerifyDate,Active,38,2016-11-16T20:57:05.000+0000,2016-11-16T21:01:23.000+0000
01p4100000Mu72MAAR,UtilityClass,Active,35,2018-01-31T23:32:08.000+0000,2018-01-31T23:32:08.000+0000
01p41000009yLTXAA2,VerifyDate,Active,38,2016-11-16T20:54:51.000+0000,2016-11-16T20:54:51.000+0000
01p2M00000O2QbkQAF,WarehouseCalloutService,Active,45,2021-01-15T23:31:32.000+0000,2021-01-15T23:31:32.000+0000
01p2M00000O2QblQAF,WarehouseCalloutServiceMock,Active,45,2021-01-15T23:31:32.000+0000,2021-01-15T23:31:32.000+0000
01p2M00000O2QbmQAF,WarehouseCalloutServiceTest,Active,45,2021-01-15T23:31:32.000+0000,2021-01-15T23:31:32.000+0000
01p2M00000O2QbnQAF,WarehouseSyncSchedule,Active,45,2021-01-15T23:31:32.000+0000,2021-01-15T23:31:32.000+0000
01p2M00000O2QboQAF,WarehouseSyncScheduleTest,Active,45,2021-01-15T23:31:32.000+0000,2021-01-15T23:31:32.000+0000
